NAME,DISTRICT
Somerset Precinct 02-001,4
Somerset Precinct 05-001,4
Somerset Precinct 03-001,4
Somerset Precinct 13-003,4
Somerset Precinct 13-002,4
Somerset Precinct 13-001,4
Somerset Precinct 01-002,4
Somerset Precinct 01-003,4
Somerset Precinct 15-002,4
Somerset Precinct 01-001,4
Somerset Precinct 15-001,4
Worcester Precinct 01-001,4
Somerset Precinct 04-001,4
Worcester Precinct 01-002,4
Dorchester Precinct 18-001,4
Dorchester Precinct 11-001,4
Dorchester Precinct 13-002,4
Dorchester Precinct 17-001,4
Dorchester Precinct 14-002,4
Wicomico Precinct 17-001,4
Dorchester Precinct 03-001,4
Cecil Precinct 05-003,6
Kent Precinct 01-002,4
Cecil Precinct 02-001,4
Cecil Precinct 02-002,6
Cecil Precinct 05-002,6
Cecil Precinct 09-001,6
Cecil Precinct 05-004,6
Cecil Precinct 05-001,6
Cecil Precinct 03-002,6
Cecil Precinct 03-003,6
Cecil Precinct 04-001,6
Cecil Precinct 03-001,6
Cecil Precinct 04-002,6
Worcester Precinct 04-001,4
Worcester Precinct 02-001,4
Worcester Precinct 04-002,4
Worcester Precinct 01-003,4
Worcester Precinct 02-002,4
Wicomico Precinct 15-001,4
Wicomico Precinct 16-002,4
Wicomico Precinct 08-004,4
Wicomico Precinct 08-003,4
Wicomico Precinct 13-003,4
Wicomico Precinct 13-001,4
Wicomico Precinct 09-004,4
Wicomico Precinct 09-002,4
Wicomico Precinct 13-002,4
Wicomico Precinct 08-002,4
Wicomico Precinct 05-002,4
Wicomico Precinct 09-001,4
Wicomico Precinct 08-001,4
Wicomico Precinct 05-004,4
Wicomico Precinct 05-003,4
Wicomico Precinct 05-005,4
Wicomico Precinct 11-002,4
Wicomico Precinct 11-001,4
Wicomico Precinct 05-006,4
Anne Arundel Precinct 07-025,7
Anne Arundel Precinct 07-003,7
Anne Arundel Precinct 07-010,7
Anne Arundel Precinct 07-019,7
Anne Arundel Precinct 07-006,7
Wicomico Precinct 05-007,4
Wicomico Precinct 06-001,4
Wicomico Precinct 04-001,4
Wicomico Precinct 14-001,4
Worcester Precinct 04-003,4
Worcester Precinct 02-003,4
Worcester Precinct 03-003,4
Worcester Precinct 06-002,4
Worcester Precinct 05-002,4
Worcester Precinct 05-001,4
Worcester Precinct 03-001,4
Worcester Precinct 06-001,4
Worcester Precinct 06-003,4
Montgomery Precinct 04-007,8
Montgomery Precinct 04-006,8
Montgomery Precinct 04-027,8
Montgomery Precinct 04-009,8
Montgomery Precinct 13-051,8
Montgomery Precinct 04-034,8
Montgomery Precinct 13-043,8
Montgomery Precinct 13-045,8
Montgomery Precinct 13-036,8
Montgomery Precinct 13-037,8
Montgomery Precinct 13-035,8
Montgomery Precinct 13-064,8
Montgomery Precinct 13-052,8
Montgomery Precinct 08-003,8
Montgomery Precinct 13-046,8
Montgomery Precinct 08-004,8
Montgomery Precinct 08-008,8
Montgomery Precinct 08-009,8
Montgomery Precinct 08-001,8
Montgomery Precinct 08-012,8
Montgomery Precinct 08-005,8
Montgomery Precinct 01-002,8
Montgomery Precinct 12-003,8
Montgomery Precinct 12-001,8
Montgomery Precinct 01-001,8
Howard Precinct 04-003,8
Frederick Precinct 14-001,8
Frederick Precinct 03-001,8
Frederick Precinct 23-001,8
Frederick Precinct 24-003,8
Frederick Precinct 03-003,8
Frederick Precinct 24-001,8
Frederick Precinct 02-015,8
Frederick Precinct 26-001,8
Washington Precinct 07-002,8
Washington Precinct 07-001,8
Washington Precinct 14-001,8
Washington Precinct 14-002,8
Frederick Precinct 10-001,8
Frederick Precinct 15-001,8
Frederick Precinct 15-002,8
Frederick Precinct 04-001,8
Frederick Precinct 07-002,8
Frederick Precinct 09-001,8
Frederick Precinct 09-006,8
Frederick Precinct 13-001,8
Frederick Precinct 09-007,8
Frederick Precinct 09-004,8
Frederick Precinct 09-002,8
Frederick Precinct 09-005,8
Frederick Precinct 26-002,8
Frederick Precinct 11-001,8
Frederick Precinct 08-001,8
Frederick Precinct 17-001,8
Frederick Precinct 18-001,8
Howard Precinct 04-001,8
Frederick Precinct 18-002,8
Carroll Precinct 13-001,8
Carroll Precinct 13-002,8
Howard Precinct 04-005,8
Carroll Precinct 09-002,8
Frederick Precinct 19-001,8
Carroll Precinct 12-001,8
Carroll Precinct 11-001,8
Frederick Precinct 24-002,8
Frederick Precinct 03-002,8
Frederick Precinct 16-001,8
Frederick Precinct 06-001,8
Frederick Precinct 21-001,8
Frederick Precinct 02-014,8
Frederick Precinct 02-006,8
Frederick Precinct 01-002,8
Frederick Precinct 02-016,8
Frederick Precinct 23-003,8
Frederick Precinct 02-012,8
Frederick Precinct 23-002,8
Frederick Precinct 02-004,8
Frederick Precinct 02-017,8
Frederick Precinct 02-008,8
Frederick Precinct 02-013,8
Frederick Precinct 02-001,8
Frederick Precinct 02-002,8
Frederick Precinct 02-005,8
Frederick Precinct 02-009,8
Frederick Precinct 02-011,8
Frederick Precinct 07-004,8
Frederick Precinct 09-003,8
Frederick Precinct 02-003,8
Frederick Precinct 02-007,8
Frederick Precinct 02-018,8
Frederick Precinct 09-008,8
Frederick Precinct 13-002,8
Frederick Precinct 21-002,8
Frederick Precinct 21-003,8
Frederick Precinct 02-010,8
Frederick Precinct 20-001,8
Washington Precinct 08-001,8
Frederick Precinct 12-001,8
Frederick Precinct 22-001,8
Washington Precinct 19-001,8
Washington Precinct 06-002,8
Washington Precinct 06-001,8
Washington Precinct 16-001,8
Washington Precinct 02-001,8
Washington Precinct 23-001,8
Washington Precinct 26-003,8
Washington Precinct 26-001,8
Washington Precinct 24-001,8
Washington Precinct 26-002,8
Washington Precinct 10-002,8
Washington Precinct 24-002,8
Washington Precinct 03-004,8
Washington Precinct 03-003,8
Washington Precinct 03-002,8
Washington Precinct 13-001,8
Washington Precinct 25-004,8
Washington Precinct 25-002,8
Washington Precinct 13-002,8
Washington Precinct 10-004,8
Washington Precinct 10-001,8
Washington Precinct 03-001,8
Washington Precinct 25-001,8
Washington Precinct 22-001,8
Washington Precinct 17-002,8
Washington Precinct 17-001,8
Washington Precinct 22-002,8
Washington Precinct 10-003,8
Washington Precinct 21-002,8
Washington Precinct 21-003,8
Washington Precinct 27-001,8
Washington Precinct 21-001,8
Washington Precinct 27-002,8
Washington Precinct 18-002,8
Washington Precinct 18-003,8
Washington Precinct 18-001,8
Washington Precinct 09-001,8
Charles Precinct 03-001,7
Charles Precinct 02-001,7
Charles Precinct 10-001,7
Charles Precinct 07-002,7
Charles Precinct 07-003,7
Charles Precinct 07-001,7
Charles Precinct 07-004,7
St. Mary's Precinct 03-004,7
St. Mary's Precinct 03-003,7
Charles Precinct 01-002,7
Charles Precinct 04-002,7
Charles Precinct 01-003,7
Charles Precinct 01-004,7
Charles Precinct 05-001,7
Charles Precinct 04-001,7
Charles Precinct 08-001,7
Charles Precinct 06-001,7
Charles Precinct 06-014,7
Allegany Precinct 29-002,8
Allegany Precinct 06-006,8
Allegany Precinct 06-005,8
Allegany Precinct 06-003,8
Allegany Precinct 29-001,8
Allegany Precinct 06-001,8
Allegany Precinct 20-000,8
Allegany Precinct 04-005,8
Allegany Precinct 04-003,8
Allegany Precinct 04-002,8
Allegany Precinct 04-008,8
Allegany Precinct 04-004,8
Allegany Precinct 14-000,8
Allegany Precinct 05-004,8
Allegany Precinct 23-000,8
Allegany Precinct 05-006,8
Allegany Precinct 22-000,8
Allegany Precinct 16-000,8
Allegany Precinct 34-000,8
Allegany Precinct 21-000,8
Allegany Precinct 02-000,8
Allegany Precinct 03-000,8
Allegany Precinct 01-000,8
Washington Precinct 05-001,8
Frederick Precinct 25-001,8
Washington Precinct 15-001,8
Washington Precinct 04-001,8
Washington Precinct 11-002,8
Washington Precinct 01-001,8
Washington Precinct 20-001,8
Washington Precinct 12-001,8
Washington Precinct 11-001,8
Garrett Precinct 08-002,8
Garrett Precinct 08-001,8
Garrett Precinct 14-002,8
Garrett Precinct 07-001,8
Garrett Precinct 16-001,8
Garrett Precinct 10-001,8
Garrett Precinct 14-001,8
Garrett Precinct 06-001,8
Garrett Precinct 13-001,8
Garrett Precinct 01-001,8
Garrett Precinct 02-001,8
Garrett Precinct 05-001,8
Garrett Precinct 12-001,8
Garrett Precinct 04-001,8
Garrett Precinct 11-001,8
Allegany Precinct 08-000,8
Allegany Precinct 09-000,8
Allegany Precinct 10-000,8
Allegany Precinct 31-000,8
Garrett Precinct 03-002,8
Garrett Precinct 03-001,8
Garrett Precinct 15-001,8
Garrett Precinct 09-001,8
Allegany Precinct 18-000,8
Allegany Precinct 26-000,8
Allegany Precinct 11-000,8
Allegany Precinct 12-000,8
Allegany Precinct 24-000,8
Allegany Precinct 07-002,8
Allegany Precinct 29-003,8
Allegany Precinct 13-000,8
Allegany Precinct 07-001,8
Harford Precinct 03-023,5
Harford Precinct 03-022,5
Harford Precinct 04-001,6
Harford Precinct 04-006,6
Harford Precinct 04-003,6
Harford Precinct 04-004,6
Harford Precinct 03-005,5
Harford Precinct 05-002,5
Harford Precinct 03-004,6
Harford Precinct 05-003,5
Harford Precinct 01-003,5
Harford Precinct 01-005,5
Harford Precinct 01-010,5
Harford Precinct 01-019,5
Harford Precinct 02-019,6
Harford Precinct 01-018,5
Harford Precinct 01-017,5
Harford Precinct 01-016,5
Harford Precinct 01-020,5
Harford Precinct 03-020,6
Harford Precinct 03-002,6
Harford Precinct 02-003,5
Harford Precinct 02-001,5
Harford Precinct 02-015,5
Harford Precinct 02-010,5
Harford Precinct 02-014,5
Harford Precinct 02-011,5
Harford Precinct 02-004,6
Harford Precinct 02-002,5
Kent Precinct 03-002,4
Harford Precinct 02-005,6
Harford Precinct 06-005,6
Harford Precinct 06-007,6
Harford Precinct 06-006,6
Harford Precinct 06-003,6
Harford Precinct 06-001,6
Harford Precinct 06-004,6
Harford Precinct 06-002,6
Harford Precinct 05-004,6
Harford Precinct 05-001,6
Cecil Precinct 08-001,6
Cecil Precinct 07-001,6
Cecil Precinct 06-002,6
Cecil Precinct 07-003,6
Cecil Precinct 07-002,6
Cecil Precinct 06-001,6
Talbot Precinct 04-001,4
Caroline Precinct 06-001,4
Queen Anne's Precinct 06-001,4
Caroline Precinct 03-001,4
Caroline Precinct 07-001,4
Caroline Precinct 02-001,4
Queen Anne's Precinct 02-001,4
Kent Precinct 02-001,4
Queen Anne's Precinct 07-001,4
Queen Anne's Precinct 01-001,4
Caroline Precinct 01-001,4
Kent Precinct 01-001,4
Cecil Precinct 01-001,4
Anne Arundel Precinct 07-009,7
Calvert Precinct 02-003,7
Calvert Precinct 02-006,7
Calvert Precinct 02-008,7
Calvert Precinct 03-003,7
Calvert Precinct 02-007,7
Calvert Precinct 03-005,7
Calvert Precinct 03-007,7
Calvert Precinct 03-004,7
Calvert Precinct 03-008,7
Anne Arundel Precinct 07-021,7
Anne Arundel Precinct 07-001,7
Frederick Precinct 01-001,8
Montgomery Precinct 03-002,8
Montgomery Precinct 03-001,8
Montgomery Precinct 11-000,8
Frederick Precinct 07-001,8
Montgomery Precinct 10-010,8
Montgomery Precinct 06-002,8
Montgomery Precinct 10-002,8
Montgomery Precinct 10-001,8
Montgomery Precinct 10-013,8
Montgomery Precinct 10-006,8
Montgomery Precinct 10-007,8
Montgomery Precinct 07-003,8
Montgomery Precinct 07-022,8
Montgomery Precinct 10-009,8
Montgomery Precinct 10-004,8
Montgomery Precinct 10-005,8
Montgomery Precinct 04-012,8
Montgomery Precinct 10-003,8
Montgomery Precinct 07-015,8
St. Mary's Precinct 07-001,7
St. Mary's Precinct 04-003,7
St. Mary's Precinct 04-002,7
St. Mary's Precinct 03-002,7
St. Mary's Precinct 04-001,7
St. Mary's Precinct 05-001,7
St. Mary's Precinct 05-002,7
Charles Precinct 09-002,7
St. Mary's Precinct 05-003,7
St. Mary's Precinct 03-001,7
St. Mary's Precinct 06-004,7
St. Mary's Precinct 06-002,7
St. Mary's Precinct 03-005,7
St. Mary's Precinct 06-001,7
Calvert Precinct 02-002,7
Calvert Precinct 02-001,7
Charles Precinct 09-001,7
Prince George's Precinct 08-001,7
Prince George's Precinct 11-002,7
Prince George's Precinct 15-001,7
Prince George's Precinct 15-004,7
Prince George's Precinct 04-001,7
Calvert Precinct 03-006,7
Prince George's Precinct 03-001,7
Frederick Precinct 05-001,8
Carroll Precinct 10-001,8
Carroll Precinct 01-001,8
Carroll Precinct 02-001,8
Carroll Precinct 02-002,8
Prince George's Precinct 12-002,7
Prince George's Precinct 12-009,7
Prince George's Precinct 12-004,7
Prince George's Precinct 12-006,7
Prince George's Precinct 12-012,7
Prince George's Precinct 12-016,7
Prince George's Precinct 12-003,7
Prince George's Precinct 12-007,7
Prince George's Precinct 12-017,7
Prince George's Precinct 12-013,7
Prince George's Precinct 06-008,7
Prince George's Precinct 06-017,7
Prince George's Precinct 06-009,7
Prince George's Precinct 06-012,7
Montgomery Precinct 07-005,8
Montgomery Precinct 13-039,8
Montgomery Precinct 13-047,8
Montgomery Precinct 13-004,8
Montgomery Precinct 13-008,8
Montgomery Precinct 13-021,8
Montgomery Precinct 13-003,8
Montgomery Precinct 13-058,8
Montgomery Precinct 13-016,8
Montgomery Precinct 13-065,8
Montgomery Precinct 13-007,8
Montgomery Precinct 13-017,8
Montgomery Precinct 13-024,8
Baltimore County Precinct 11-019,6
Baltimore County Precinct 14-003,2
Baltimore County Precinct 11-013,2
Baltimore County Precinct 15-010,2
Baltimore County Precinct 15-005,2
Baltimore County Precinct 15-009,2
Baltimore County Precinct 15-004,2
Baltimore County Precinct 11-012,5
Baltimore County Precinct 11-007,6
Baltimore County Precinct 11-014,5
Baltimore County Precinct 11-006,5
Baltimore County Precinct 11-022,5
Baltimore County Precinct 11-005,5
Baltimore County Precinct 11-003,5
Baltimore County Precinct 11-001,6
Baltimore County Precinct 10-005,6
Baltimore County Precinct 10-003,6
Harford Precinct 04-002,5
Baltimore County Precinct 11-002,6
Harford Precinct 03-006,6
Harford Precinct 04-005,5
Baltimore County Precinct 15-007,2
Baltimore County Precinct 15-025,5
Baltimore County Precinct 15-008,2
Baltimore County Precinct 15-006,5
Baltimore County Precinct 11-004,5
Baltimore County Precinct 11-020,5
Harford Precinct 01-045,5
Prince George's Precinct 12-008,7
Prince George's Precinct 12-015,7
Charles Precinct 06-006,7
Charles Precinct 06-018,7
Charles Precinct 06-009,7
Charles Precinct 06-008,7
Charles Precinct 06-016,7
Charles Precinct 06-015,7
Charles Precinct 06-011,7
Charles Precinct 06-007,7
Charles Precinct 06-005,7
Charles Precinct 06-017,7
Charles Precinct 06-022,7
Charles Precinct 06-012,7
Charles Precinct 08-004,7
Charles Precinct 08-005,7
Charles Precinct 08-003,7
Charles Precinct 08-002,7
Prince George's Precinct 09-007,7
Prince George's Precinct 09-004,7
Prince George's Precinct 09-005,7
Prince George's Precinct 09-001,7
Prince George's Precinct 09-010,7
Prince George's Precinct 09-002,7
Prince George's Precinct 09-008,7
Prince George's Precinct 09-006,7
Prince George's Precinct 11-004,7
Prince George's Precinct 11-001,7
Prince George's Precinct 09-011,7
Prince George's Precinct 09-009,7
Prince George's Precinct 11-003,7
Prince George's Precinct 15-003,7
Prince George's Precinct 01-007,3
Prince George's Precinct 06-014,7
Prince George's Precinct 06-002,7
Prince George's Precinct 06-013,7
Prince George's Precinct 06-024,7
Prince George's Precinct 06-015,7
Prince George's Precinct 06-021,7
Prince George's Precinct 06-004,7
Prince George's Precinct 06-022,7
Prince George's Precinct 06-006,7
Prince George's Precinct 06-018,7
Prince George's Precinct 06-007,7
Prince George's Precinct 09-003,7
Prince George's Precinct 06-016,7
Prince George's Precinct 06-005,7
Prince George's Precinct 06-010,7
Prince George's Precinct 06-011,7
Prince George's Precinct 06-001,7
Prince George's Precinct 06-003,7
Prince George's Precinct 18-011,7
Prince George's Precinct 18-004,7
Prince George's Precinct 18-001,7
Prince George's Precinct 02-007,8
Prince George's Precinct 18-005,8
Prince George's Precinct 18-003,8
Prince George's Precinct 18-012,8
Prince George's Precinct 02-003,8
Prince George's Precinct 18-009,7
Prince George's Precinct 06-019,7
Prince George's Precinct 18-007,8
Prince George's Precinct 18-010,8
Prince George's Precinct 18-006,7
Prince George's Precinct 18-002,8
Prince George's Precinct 18-008,8
Prince George's Precinct 13-017,8
Prince George's Precinct 13-002,8
Prince George's Precinct 13-016,8
Prince George's Precinct 06-023,7
Prince George's Precinct 15-006,7
Prince George's Precinct 15-002,7
Prince George's Precinct 06-020,7
Prince George's Precinct 13-009,7
Prince George's Precinct 13-007,7
Prince George's Precinct 13-001,8
Prince George's Precinct 13-008,8
Prince George's Precinct 13-014,8
Prince George's Precinct 13-006,7
Prince George's Precinct 13-004,7
Prince George's Precinct 13-010,8
Prince George's Precinct 13-012,8
Prince George's Precinct 13-011,7
Prince George's Precinct 02-001,8
Prince George's Precinct 16-099,8
Prince George's Precinct 02-099,8
Prince George's Precinct 02-008,8
Prince George's Precinct 16-001,8
Prince George's Precinct 02-098,8
Prince George's Precinct 02-005,8
Prince George's Precinct 19-005,8
Prince George's Precinct 19-004,8
Prince George's Precinct 19-001,8
Prince George's Precinct 21-002,8
Prince George's Precinct 21-001,8
Prince George's Precinct 19-002,7
Queen Anne's Precinct 05-002,4
Queen Anne's Precinct 04-007,4
Queen Anne's Precinct 05-003,4
Talbot Precinct 01-005,4
Queen Anne's Precinct 05-001,4
Queen Anne's Precinct 03-001,4
Kent Precinct 05-001,4
Kent Precinct 06-001,4
Kent Precinct 07-001,4
Queen Anne's Precinct 03-002,4
Kent Precinct 04-002,4
Kent Precinct 03-001,4
Kent Precinct 04-001,4
Queen Anne's Precinct 02-002,4
Baltimore City Precinct 26-028,2
Baltimore City Precinct 26-027,2
Baltimore City Precinct 27-007,6
Baltimore City Precinct 26-030,6
Baltimore County Precinct 15-022,2
Baltimore County Precinct 15-021,2
Baltimore County Precinct 15-020,2
Baltimore County Precinct 15-015,2
Baltimore County Precinct 15-013,2
Baltimore County Precinct 15-012,2
Baltimore County Precinct 15-016,2
Baltimore County Precinct 15-017,2
Baltimore County Precinct 15-023,2
Baltimore County Precinct 15-024,2
Baltimore County Precinct 15-018,2
Baltimore County Precinct 15-019,2
Baltimore County Precinct 15-026,2
Baltimore County Precinct 12-012,2
Baltimore City Precinct 26-001,2
Baltimore City Precinct 26-002,2
Baltimore City Precinct 26-003,2
Baltimore County Precinct 12-010,2
Baltimore County Precinct 12-008,2
Baltimore County Precinct 12-003,2
Baltimore County Precinct 12-002,2
Baltimore City Precinct 26-005,2
Baltimore City Precinct 26-004,2
Baltimore City Precinct 26-007,2
Baltimore City Precinct 26-014,2
Baltimore City Precinct 26-015,2
Baltimore City Precinct 26-029,2
Baltimore County Precinct 12-001,2
Baltimore County Precinct 12-007,2
Baltimore County Precinct 12-006,2
Baltimore County Precinct 12-005,2
Baltimore County Precinct 12-004,2
Baltimore County Precinct 15-001,2
Baltimore County Precinct 15-002,2
Baltimore County Precinct 15-014,2
Anne Arundel Precinct 03-013,7
Anne Arundel Precinct 03-018,7
Anne Arundel Precinct 03-016,7
Anne Arundel Precinct 03-001,7
Anne Arundel Precinct 03-003,7
Anne Arundel Precinct 03-021,7
Anne Arundel Precinct 03-007,7
Anne Arundel Precinct 03-020,7
Anne Arundel Precinct 03-024,3
Anne Arundel Precinct 03-019,7
Anne Arundel Precinct 03-014,7
Anne Arundel Precinct 03-002,7
Anne Arundel Precinct 03-010,7
Anne Arundel Precinct 03-011,7
Anne Arundel Precinct 03-015,7
Anne Arundel Precinct 03-012,7
Baltimore County Precinct 12-009,2
Baltimore County Precinct 12-011,2
Baltimore County Precinct 12-013,2
Queen Anne's Precinct 04-006,4
Queen Anne's Precinct 04-003,4
Queen Anne's Precinct 04-005,4
Queen Anne's Precinct 04-002,4
Queen Anne's Precinct 04-004,4
Queen Anne's Precinct 04-001,4
Anne Arundel Precinct 05-014,7
Anne Arundel Precinct 05-034,7
Anne Arundel Precinct 05-016,7
Anne Arundel Precinct 05-009,7
Anne Arundel Precinct 03-023,7
Anne Arundel Precinct 05-010,7
Anne Arundel Precinct 03-022,7
Anne Arundel Precinct 03-017,7
Anne Arundel Precinct 05-011,7
Anne Arundel Precinct 05-004,7
Anne Arundel Precinct 05-005,7
Anne Arundel Precinct 05-023,7
Anne Arundel Precinct 05-003,7
Anne Arundel Precinct 05-026,7
Anne Arundel Precinct 05-021,7
Anne Arundel Precinct 06-030,7
Anne Arundel Precinct 06-025,7
Anne Arundel Precinct 05-020,7
Anne Arundel Precinct 05-028,7
Anne Arundel Precinct 05-027,7
Anne Arundel Precinct 05-013,7
Anne Arundel Precinct 05-018,7
Anne Arundel Precinct 05-022,7
Anne Arundel Precinct 05-001,7
Anne Arundel Precinct 05-017,7
Anne Arundel Precinct 05-002,7
Prince George's Precinct 14-003,7
Prince George's Precinct 14-009,7
Prince George's Precinct 14-011,7
Prince George's Precinct 14-005,7
Prince George's Precinct 07-017,7
Prince George's Precinct 07-003,7
Prince George's Precinct 07-010,7
Prince George's Precinct 07-002,7
Prince George's Precinct 14-004,7
Prince George's Precinct 07-004,7
Prince George's Precinct 14-006,7
Prince George's Precinct 07-007,7
Anne Arundel Precinct 07-026,7
Anne Arundel Precinct 04-010,3
Anne Arundel Precinct 04-016,7
Anne Arundel Precinct 07-014,3
Anne Arundel Precinct 07-016,7
Anne Arundel Precinct 07-015,7
Anne Arundel Precinct 07-018,7
Anne Arundel Precinct 04-023,3
Anne Arundel Precinct 04-022,7
Anne Arundel Precinct 04-008,7
Anne Arundel Precinct 07-008,7
Anne Arundel Precinct 07-007,7
Anne Arundel Precinct 07-004,7
Anne Arundel Precinct 07-011,7
Anne Arundel Precinct 07-027,7
Anne Arundel Precinct 07-013,7
Anne Arundel Precinct 07-022,7
Anne Arundel Precinct 07-017,7
Anne Arundel Precinct 07-020,7
Anne Arundel Precinct 07-024,7
Anne Arundel Precinct 04-021,7
Anne Arundel Precinct 06-028,7
Anne Arundel Precinct 04-004,7
Anne Arundel Precinct 07-023,7
Anne Arundel Precinct 07-012,7
Anne Arundel Precinct 06-020,7
Anne Arundel Precinct 07-005,7
Anne Arundel Precinct 06-019,7
Anne Arundel Precinct 06-026,7
Anne Arundel Precinct 06-027,7
Anne Arundel Precinct 04-015,7
Anne Arundel Precinct 06-021,7
Anne Arundel Precinct 06-031,7
Anne Arundel Precinct 04-006,3
Howard Precinct 06-007,3
Howard Precinct 06-029,3
Howard Precinct 06-030,3
Howard Precinct 01-006,7
Anne Arundel Precinct 01-023,3
Anne Arundel Precinct 01-022,7
Howard Precinct 01-015,7
Anne Arundel Precinct 04-020,7
Anne Arundel Precinct 04-005,7
Anne Arundel Precinct 06-024,7
Anne Arundel Precinct 06-010,7
Anne Arundel Precinct 06-003,7
Anne Arundel Precinct 06-022,7
Anne Arundel Precinct 06-014,7
Anne Arundel Precinct 06-004,7
Anne Arundel Precinct 06-013,7
Anne Arundel Precinct 06-002,7
Anne Arundel Precinct 06-009,7
Anne Arundel Precinct 06-005,7
Anne Arundel Precinct 06-006,7
Anne Arundel Precinct 06-023,7
Anne Arundel Precinct 06-017,7
Anne Arundel Precinct 06-007,7
Anne Arundel Precinct 06-015,7
Anne Arundel Precinct 06-016,7
Anne Arundel Precinct 06-001,7
Anne Arundel Precinct 06-012,7
Anne Arundel Precinct 06-008,7
Anne Arundel Precinct 06-018,7
Anne Arundel Precinct 06-011,7
Anne Arundel Precinct 06-029,7
Prince George's Precinct 05-012,7
Charles Precinct 01-001,7
Charles Precinct 06-002,7
Charles Precinct 06-003,7
Charles Precinct 06-019,7
Charles Precinct 06-004,7
Charles Precinct 06-020,7
Charles Precinct 06-010,7
Charles Precinct 06-021,7
Charles Precinct 06-013,7
Prince George's Precinct 05-008,7
Prince George's Precinct 05-007,7
Prince George's Precinct 05-002,7
Prince George's Precinct 12-014,7
Prince George's Precinct 12-010,7
Prince George's Precinct 05-005,7
Prince George's Precinct 05-010,7
Prince George's Precinct 05-009,7
Prince George's Precinct 05-001,7
Prince George's Precinct 05-004,7
Prince George's Precinct 05-011,7
Prince George's Precinct 05-006,7
Prince George's Precinct 12-005,7
Prince George's Precinct 12-001,7
Prince George's Precinct 12-011,7
Prince George's Precinct 05-003,7
Dorchester Precinct 03-002,4
Wicomico Precinct 01-002,4
Dorchester Precinct 14-001,4
Dorchester Precinct 02-001,4
Dorchester Precinct 02-002,4
Dorchester Precinct 15-001,4
Caroline Precinct 04-001,4
Dorchester Precinct 15-003,4
Dorchester Precinct 01-001,4
Dorchester Precinct 15-002,4
Dorchester Precinct 12-002,4
Dorchester Precinct 12-001,4
Caroline Precinct 05-001,4
Caroline Precinct 08-001,4
Wicomico Precinct 07-001,4
Wicomico Precinct 02-001,4
Wicomico Precinct 07-002,4
Wicomico Precinct 16-001,4
Wicomico Precinct 09-005,4
Wicomico Precinct 09-003,4
Wicomico Precinct 09-006,4
Wicomico Precinct 01-004,4
Wicomico Precinct 15-002,4
Wicomico Precinct 01-001,4
Wicomico Precinct 01-003,4
Wicomico Precinct 10-002,4
Wicomico Precinct 10-001,4
Anne Arundel Precinct 05-007,7
Anne Arundel Precinct 02-013,7
Anne Arundel Precinct 05-024,7
Anne Arundel Precinct 05-029,7
Anne Arundel Precinct 05-025,7
Anne Arundel Precinct 05-008,7
Anne Arundel Precinct 05-032,7
Anne Arundel Precinct 05-006,7
Anne Arundel Precinct 05-012,7
Anne Arundel Precinct 05-030,7
Anne Arundel Precinct 03-009,7
Anne Arundel Precinct 03-005,7
Anne Arundel Precinct 05-031,7
Anne Arundel Precinct 02-020,7
Anne Arundel Precinct 02-011,7
Anne Arundel Precinct 02-012,7
Anne Arundel Precinct 02-019,3
Anne Arundel Precinct 03-008,3
Anne Arundel Precinct 02-010,7
Anne Arundel Precinct 02-022,7
Anne Arundel Precinct 03-025,3
Anne Arundel Precinct 03-004,7
Anne Arundel Precinct 03-006,3
Anne Arundel Precinct 01-002,7
Anne Arundel Precinct 01-011,7
Anne Arundel Precinct 01-007,7
Anne Arundel Precinct 01-001,7
Anne Arundel Precinct 01-010,7
Baltimore County Precinct 13-006,7
Baltimore County Precinct 13-007,3
Baltimore County Precinct 13-009,3
Anne Arundel Precinct 01-008,7
Anne Arundel Precinct 01-004,3
Anne Arundel Precinct 01-014,7
Anne Arundel Precinct 01-012,3
Anne Arundel Precinct 01-015,3
Baltimore County Precinct 13-008,3
Baltimore City Precinct 25-005,3
Anne Arundel Precinct 01-013,3
Baltimore City Precinct 25-008,3
Baltimore City Precinct 25-009,3
Baltimore City Precinct 25-010,3
Baltimore City Precinct 25-003,3
Baltimore City Precinct 20-009,3
Baltimore City Precinct 20-005,3
Baltimore City Precinct 25-004,3
Baltimore City Precinct 20-010,3
Baltimore City Precinct 20-003,2
Baltimore City Precinct 20-011,2
Baltimore City Precinct 20-002,2
Baltimore City Precinct 16-013,1
Baltimore City Precinct 16-012,1
Baltimore City Precinct 20-004,2
Baltimore City Precinct 16-008,2
Baltimore City Precinct 26-031,6
Baltimore County Precinct 14-011,2
Baltimore County Precinct 14-007,6
Baltimore County Precinct 14-008,2
Baltimore City Precinct 27-008,2
Baltimore City Precinct 27-011,2
Baltimore City Precinct 27-010,2
Baltimore County Precinct 09-022,6
Baltimore County Precinct 14-012,2
Baltimore County Precinct 14-014,2
Baltimore County Precinct 14-006,6
Baltimore County Precinct 14-001,2
Baltimore County Precinct 14-010,2
Baltimore County Precinct 14-009,2
Baltimore County Precinct 14-005,6
Baltimore County Precinct 11-016,6
Baltimore County Precinct 14-002,6
Baltimore County Precinct 11-011,6
Baltimore County Precinct 09-023,6
Baltimore County Precinct 09-025,6
Baltimore County Precinct 11-009,6
Baltimore County Precinct 09-024,6
Baltimore County Precinct 11-015,6
Baltimore County Precinct 11-021,6
Baltimore County Precinct 11-008,6
Baltimore County Precinct 11-010,6
Baltimore County Precinct 11-018,6
Baltimore County Precinct 11-017,6
Baltimore County Precinct 15-003,2
Baltimore County Precinct 14-013,2
Baltimore County Precinct 15-011,2
Baltimore County Precinct 14-004,2
Dorchester Precinct 04-001,4
Dorchester Precinct 16-001,4
Dorchester Precinct 05-001,4
Dorchester Precinct 09-001,4
Dorchester Precinct 13-001,4
Dorchester Precinct 08-001,4
Talbot Precinct 02-002,4
Talbot Precinct 02-001,4
Talbot Precinct 02-003,4
Dorchester Precinct 07-003,4
Dorchester Precinct 07-002,4
Dorchester Precinct 07-006,4
Dorchester Precinct 07-001,4
Dorchester Precinct 07-004,4
Dorchester Precinct 07-007,4
Dorchester Precinct 07-005,4
Talbot Precinct 03-001,4
Talbot Precinct 03-003,4
Talbot Precinct 01-001,4
Talbot Precinct 01-003,4
Talbot Precinct 01-002,4
Somerset Precinct 07-001,4
Baltimore City Precinct 12-011,2
Baltimore City Precinct 12-008,2
Baltimore City Precinct 12-010,2
Anne Arundel Precinct 01-018,3
Anne Arundel Precinct 01-017,3
Anne Arundel Precinct 01-016,3
Baltimore City Precinct 25-011,3
Baltimore City Precinct 25-012,3
Baltimore City Precinct 25-014,3
Baltimore City Precinct 25-013,3
Baltimore City Precinct 25-015,3
Baltimore City Precinct 25-016,3
Baltimore City Precinct 24-004,2
Baltimore City Precinct 24-002,2
Baltimore City Precinct 24-001,2
Baltimore City Precinct 24-003,2
Baltimore City Precinct 03-003,2
Baltimore City Precinct 24-005,2
Baltimore City Precinct 02-003,2
Baltimore City Precinct 02-002,2
Baltimore City Precinct 01-002,2
Baltimore City Precinct 01-003,2
Baltimore City Precinct 05-001,2
Baltimore City Precinct 10-004,2
Baltimore City Precinct 10-003,2
Baltimore City Precinct 03-002,2
Calvert Precinct 01-004,7
Calvert Precinct 02-004,7
Calvert Precinct 01-003,7
Calvert Precinct 01-006,7
Calvert Precinct 02-005,7
Calvert Precinct 03-002,7
Calvert Precinct 03-001,7
Anne Arundel Precinct 07-002,7
Talbot Precinct 05-002,4
Talbot Precinct 05-001,4
Dorchester Precinct 06-001,4
Baltimore City Precinct 07-004,2
Baltimore City Precinct 26-010,2
Baltimore City Precinct 26-012,2
Baltimore City Precinct 08-010,2
Baltimore City Precinct 08-011,2
Baltimore City Precinct 08-003,2
Baltimore City Precinct 26-019,2
Baltimore City Precinct 26-020,2
Baltimore City Precinct 26-011,2
Baltimore City Precinct 26-013,2
Baltimore City Precinct 26-017,2
Baltimore City Precinct 26-018,2
Baltimore City Precinct 26-016,2
Howard Precinct 04-004,8
Carroll Precinct 14-002,8
Carroll Precinct 05-001,8
Carroll Precinct 05-006,8
Howard Precinct 03-002,8
Carroll Precinct 14-001,8
Carroll Precinct 05-005,8
Carroll Precinct 09-001,8
Carroll Precinct 07-007,8
Carroll Precinct 07-008,8
Carroll Precinct 07-005,8
Carroll Precinct 04-002,8
Carroll Precinct 04-003,1
Carroll Precinct 07-006,3
Carroll Precinct 07-003,8
Carroll Precinct 07-001,8
Carroll Precinct 05-004,3
Howard Precinct 03-005,3
Carroll Precinct 05-002,1
St. Mary's Precinct 01-002,7
St. Mary's Precinct 01-001,7
Somerset Precinct 10-001,4
Dorchester Precinct 10-001,4
St. Mary's Precinct 08-003,7
St. Mary's Precinct 08-005,7
St. Mary's Precinct 08-008,7
St. Mary's Precinct 08-010,7
St. Mary's Precinct 08-002,7
St. Mary's Precinct 06-003,7
St. Mary's Precinct 08-006,7
Calvert Precinct 01-001,7
Calvert Precinct 01-007,7
Calvert Precinct 01-005,7
Calvert Precinct 01-002,7
St. Mary's Precinct 02-002,7
St. Mary's Precinct 02-001,7
St. Mary's Precinct 08-009,7
St. Mary's Precinct 08-007,7
St. Mary's Precinct 08-001,7
St. Mary's Precinct 08-004,7
Baltimore County Precinct 08-011,6
Baltimore County Precinct 08-006,6
Baltimore County Precinct 08-003,6
Baltimore County Precinct 08-022,6
Baltimore County Precinct 08-001,6
Baltimore County Precinct 08-025,6
Baltimore County Precinct 08-004,6
Baltimore County Precinct 10-002,6
Baltimore County Precinct 10-004,6
Baltimore County Precinct 10-001,6
Baltimore County Precinct 05-001,6
Baltimore County Precinct 06-001,6
Baltimore County Precinct 06-002,6
Baltimore County Precinct 07-003,6
Baltimore County Precinct 07-002,6
Baltimore County Precinct 07-001,6
St. Mary's Precinct 09-001,4
Baltimore City Precinct 26-024,2
Baltimore City Precinct 26-025,2
Baltimore City Precinct 26-026,2
Baltimore City Precinct 27-005,2
Baltimore City Precinct 27-006,2
Baltimore City Precinct 27-019,2
Baltimore City Precinct 27-015,2
Baltimore County Precinct 09-020,2
Baltimore County Precinct 09-028,2
Baltimore County Precinct 09-019,6
Baltimore City Precinct 27-014,2
Baltimore City Precinct 27-013,2
Baltimore City Precinct 27-009,2
Baltimore City Precinct 27-012,2
Baltimore County Precinct 09-021,6
Baltimore County Precinct 09-029,2
Baltimore County Precinct 09-012,6
Baltimore County Precinct 09-007,6
Baltimore County Precinct 09-011,6
Baltimore County Precinct 09-010,6
Baltimore County Precinct 08-015,6
Baltimore County Precinct 08-014,6
Baltimore County Precinct 08-012,6
Baltimore County Precinct 08-005,6
Baltimore County Precinct 09-016,2
Baltimore County Precinct 09-017,6
Baltimore County Precinct 09-027,6
Baltimore County Precinct 09-018,6
Baltimore County Precinct 09-009,6
Baltimore County Precinct 09-026,6
Baltimore County Precinct 09-008,6
Baltimore County Precinct 08-007,6
Baltimore City Precinct 27-037,2
Baltimore City Precinct 27-038,2
Baltimore City Precinct 27-042,2
Baltimore City Precinct 27-044,2
Baltimore City Precinct 27-040,2
Baltimore City Precinct 27-039,2
Baltimore City Precinct 27-041,2
Baltimore County Precinct 09-003,2
Baltimore County Precinct 03-008,1
Baltimore County Precinct 09-001,1
Baltimore County Precinct 08-017,6
Baltimore County Precinct 08-018,6
Baltimore County Precinct 08-019,6
Baltimore County Precinct 08-009,6
Baltimore County Precinct 08-010,6
Baltimore County Precinct 08-020,6
Baltimore County Precinct 09-002,6
Baltimore County Precinct 09-004,6
Baltimore County Precinct 09-005,6
Baltimore County Precinct 09-006,6
Baltimore County Precinct 08-016,6
Baltimore County Precinct 08-013,6
Baltimore City Precinct 09-010,2
Baltimore City Precinct 09-003,2
Baltimore City Precinct 09-002,2
Baltimore City Precinct 09-009,2
Baltimore City Precinct 09-004,2
Baltimore City Precinct 09-005,2
Baltimore City Precinct 09-001,2
Baltimore City Precinct 27-036,2
Baltimore City Precinct 27-035,2
Baltimore City Precinct 27-026,2
Baltimore City Precinct 27-027,2
Baltimore City Precinct 27-028,2
Baltimore City Precinct 27-029,2
Baltimore City Precinct 09-008,2
Baltimore City Precinct 09-006,2
Baltimore City Precinct 09-007,2
Baltimore City Precinct 27-025,2
Baltimore City Precinct 27-024,2
Baltimore City Precinct 27-023,2
Baltimore City Precinct 27-034,2
Baltimore City Precinct 27-033,2
Baltimore City Precinct 27-032,2
Baltimore County Precinct 09-014,2
Baltimore County Precinct 09-013,6
Baltimore City Precinct 27-030,2
Baltimore City Precinct 27-031,2
Baltimore City Precinct 27-022,2
Baltimore City Precinct 27-021,2
Baltimore City Precinct 27-020,2
Baltimore County Precinct 09-015,2
Baltimore City Precinct 08-001,2
Baltimore City Precinct 08-002,2
Baltimore City Precinct 26-021,2
Baltimore City Precinct 26-022,2
Baltimore City Precinct 27-002,2
Baltimore City Precinct 27-001,2
Baltimore City Precinct 27-018,2
Baltimore City Precinct 27-017,2
Baltimore City Precinct 27-003,2
Baltimore City Precinct 27-004,2
Baltimore City Precinct 27-016,2
Baltimore City Precinct 26-023,2
Baltimore City Precinct 15-022,2
Baltimore City Precinct 15-024,1
Baltimore City Precinct 27-055,2
Baltimore City Precinct 15-025,2
Baltimore City Precinct 27-054,2
Baltimore City Precinct 27-058,2
Baltimore City Precinct 27-053,1
Baltimore City Precinct 27-052,1
Baltimore City Precinct 15-023,1
Baltimore City Precinct 13-005,1
Baltimore City Precinct 27-048,1
Baltimore City Precinct 27-043,2
Baltimore City Precinct 27-050,2
Baltimore City Precinct 27-051,2
Baltimore City Precinct 27-049,1
Baltimore County Precinct 03-009,1
Baltimore City Precinct 13-006,2
Baltimore City Precinct 13-004,1
Baltimore City Precinct 13-003,2
Baltimore City Precinct 13-011,2
Baltimore City Precinct 13-012,2
Baltimore City Precinct 13-001,2
Baltimore City Precinct 27-047,2
Baltimore City Precinct 13-002,1
Baltimore City Precinct 27-046,2
Baltimore City Precinct 27-045,2
Baltimore City Precinct 12-003,2
Baltimore City Precinct 12-006,2
Baltimore City Precinct 12-005,2
Baltimore City Precinct 12-004,2
Baltimore City Precinct 12-002,2
Baltimore City Precinct 12-001,2
Montgomery Precinct 07-028,8
Montgomery Precinct 10-012,8
Montgomery Precinct 04-032,8
Montgomery Precinct 10-011,8
Montgomery Precinct 04-013,8
Montgomery Precinct 07-018,8
Montgomery Precinct 07-024,8
Montgomery Precinct 07-027,8
Montgomery Precinct 07-023,8
Montgomery Precinct 07-013,8
Montgomery Precinct 07-030,8
Montgomery Precinct 07-012,8
Montgomery Precinct 07-004,8
Montgomery Precinct 07-007,8
Montgomery Precinct 07-011,8
Montgomery Precinct 07-026,8
Montgomery Precinct 07-001,8
Montgomery Precinct 07-002,8
Montgomery Precinct 07-006,8
Montgomery Precinct 07-021,8
Montgomery Precinct 07-017,8
Montgomery Precinct 07-020,8
Montgomery Precinct 07-019,8
Montgomery Precinct 07-025,8
Montgomery Precinct 07-010,8
Montgomery Precinct 07-031,8
Montgomery Precinct 04-018,8
Montgomery Precinct 04-028,8
Montgomery Precinct 04-031,8
Montgomery Precinct 04-010,8
Montgomery Precinct 04-017,8
Montgomery Precinct 04-008,8
Baltimore County Precinct 02-005,1
Baltimore County Precinct 02-009,1
Baltimore County Precinct 02-014,1
Baltimore County Precinct 02-025,1
Baltimore County Precinct 02-028,1
Baltimore County Precinct 02-007,1
Baltimore County Precinct 02-023,1
Baltimore County Precinct 02-008,1
Baltimore County Precinct 03-014,1
Baltimore County Precinct 02-029,1
Baltimore County Precinct 02-026,1
Baltimore County Precinct 04-001,1
Baltimore County Precinct 02-015,1
Baltimore County Precinct 04-002,1
Baltimore County Precinct 04-014,1
Baltimore County Precinct 03-012,1
Baltimore County Precinct 04-003,1
Baltimore County Precinct 02-002,1
Baltimore County Precinct 02-004,1
Baltimore County Precinct 02-001,1
Baltimore County Precinct 03-001,1
Baltimore County Precinct 03-004,1
Baltimore County Precinct 03-003,1
Baltimore County Precinct 03-005,1
Baltimore County Precinct 03-002,1
Baltimore City Precinct 28-006,1
Baltimore City Precinct 28-007,2
Baltimore City Precinct 28-005,1
Baltimore City Precinct 28-002,1
Baltimore City Precinct 28-004,2
Baltimore City Precinct 15-002,2
Baltimore City Precinct 15-009,1
Carroll Precinct 05-003,3
Baltimore County Precinct 02-019,3
Baltimore County Precinct 02-018,3
Baltimore County Precinct 02-022,3
Baltimore County Precinct 02-020,3
Baltimore County Precinct 02-012,1
Baltimore County Precinct 02-024,1
Baltimore County Precinct 02-021,3
Baltimore County Precinct 02-027,1
Baltimore County Precinct 04-012,1
Baltimore County Precinct 04-006,3
Carroll Precinct 04-004,1
Carroll Precinct 04-001,6
Carroll Precinct 08-001,6
Baltimore County Precinct 04-007,3
Baltimore County Precinct 04-010,3
Baltimore County Precinct 04-008,3
Baltimore County Precinct 04-009,6
Carroll Precinct 07-004,6
Carroll Precinct 03-001,6
Carroll Precinct 07-002,6
Carroll Precinct 06-001,6
Carroll Precinct 08-002,6
Carroll Precinct 08-003,6
Carroll Precinct 06-002,6
Baltimore County Precinct 02-011,1
Baltimore County Precinct 02-010,1
Baltimore County Precinct 02-017,1
Baltimore County Precinct 02-016,1
Baltimore County Precinct 02-013,1
Baltimore County Precinct 02-003,1
Baltimore County Precinct 02-006,1
Baltimore City Precinct 03-001,2
Baltimore City Precinct 05-002,2
Baltimore City Precinct 10-002,2
Baltimore City Precinct 10-001,2
Baltimore City Precinct 09-015,2
Baltimore City Precinct 12-007,2
Baltimore City Precinct 09-014,2
Baltimore City Precinct 09-011,2
Baltimore City Precinct 09-013,2
Baltimore City Precinct 09-012,2
Baltimore City Precinct 02-001,2
Baltimore City Precinct 06-004,2
Baltimore City Precinct 06-003,2
Baltimore City Precinct 07-001,2
Baltimore City Precinct 08-007,2
Baltimore City Precinct 07-002,2
Baltimore City Precinct 06-002,2
Baltimore City Precinct 07-003,2
Baltimore City Precinct 08-008,2
Baltimore City Precinct 08-006,2
Baltimore City Precinct 08-005,2
Baltimore City Precinct 08-009,2
Baltimore City Precinct 08-004,2
Baltimore City Precinct 26-008,2
Baltimore City Precinct 01-004,2
Baltimore City Precinct 01-005,2
Baltimore City Precinct 26-009,2
Baltimore City Precinct 26-006,2
Baltimore City Precinct 01-001,2
Baltimore City Precinct 06-005,2
Baltimore City Precinct 06-001,2
Baltimore City Precinct 23-001,2
Baltimore City Precinct 22-002,2
Baltimore City Precinct 22-001,2
Baltimore City Precinct 19-001,2
Baltimore City Precinct 16-003,2
Baltimore City Precinct 16-002,2
Baltimore City Precinct 16-001,2
Baltimore City Precinct 18-001,2
Baltimore City Precinct 17-002,2
Baltimore City Precinct 14-003,2
Baltimore City Precinct 15-019,2
Baltimore City Precinct 14-005,2
Baltimore City Precinct 13-008,2
Baltimore City Precinct 13-007,2
Baltimore City Precinct 14-004,2
Baltimore City Precinct 13-009,2
Baltimore City Precinct 13-010,2
Baltimore City Precinct 04-003,2
Baltimore City Precinct 04-002,2
Baltimore City Precinct 17-001,2
Baltimore City Precinct 11-004,2
Baltimore City Precinct 11-003,2
Baltimore City Precinct 04-001,2
Baltimore City Precinct 11-006,2
Baltimore City Precinct 11-005,2
Baltimore City Precinct 11-002,2
Baltimore City Precinct 11-007,2
Baltimore City Precinct 11-001,2
Baltimore City Precinct 14-002,2
Baltimore City Precinct 14-001,2
Baltimore City Precinct 12-009,2
Baltimore City Precinct 12-012,2
Montgomery Precinct 07-008,8
Montgomery Precinct 07-009,8
Montgomery Precinct 13-038,8
Montgomery Precinct 07-032,8
Montgomery Precinct 07-016,8
Montgomery Precinct 13-026,8
Montgomery Precinct 04-004,8
Montgomery Precinct 04-015,8
Montgomery Precinct 13-025,8
Montgomery Precinct 13-034,8
Montgomery Precinct 13-040,8
Montgomery Precinct 06-009,8
Montgomery Precinct 06-001,8
Montgomery Precinct 06-011,8
Montgomery Precinct 06-007,8
Montgomery Precinct 06-010,8
Montgomery Precinct 02-002,8
Montgomery Precinct 02-009,8
Montgomery Precinct 09-038,8
Montgomery Precinct 02-004,8
Montgomery Precinct 02-003,8
Montgomery Precinct 06-012,8
Montgomery Precinct 06-006,8
Montgomery Precinct 06-005,8
Montgomery Precinct 06-014,8
Montgomery Precinct 06-013,8
Montgomery Precinct 06-004,8
Montgomery Precinct 09-027,8
Montgomery Precinct 04-020,8
Montgomery Precinct 04-024,8
Montgomery Precinct 06-008,8
Montgomery Precinct 09-035,8
Baltimore City Precinct 16-009,2
Baltimore City Precinct 16-010,2
Baltimore City Precinct 16-011,2
Baltimore City Precinct 15-012,2
Baltimore City Precinct 15-007,2
Baltimore City Precinct 15-013,2
Baltimore City Precinct 15-015,2
Baltimore City Precinct 15-014,2
Baltimore City Precinct 15-006,1
Baltimore City Precinct 16-007,2
Baltimore City Precinct 16-006,1
Baltimore City Precinct 20-001,2
Baltimore City Precinct 16-004,2
Baltimore City Precinct 16-005,1
Baltimore City Precinct 15-018,1
Baltimore City Precinct 15-016,2
Baltimore City Precinct 15-020,1
Baltimore City Precinct 15-021,2
Baltimore City Precinct 15-017,1
Baltimore City Precinct 25-006,3
Baltimore City Precinct 25-007,3
Baltimore City Precinct 21-003,2
Baltimore City Precinct 19-002,2
Baltimore City Precinct 21-004,2
Baltimore City Precinct 18-002,2
Baltimore City Precinct 21-002,2
Baltimore City Precinct 23-003,2
Baltimore City Precinct 21-001,2
Baltimore City Precinct 23-002,2
Baltimore City Precinct 20-007,1
Baltimore City Precinct 28-010,1
Baltimore City Precinct 28-012,3
Baltimore City Precinct 28-009,1
Baltimore City Precinct 28-011,1
Baltimore City Precinct 20-006,1
Baltimore City Precinct 16-014,1
Baltimore City Precinct 28-008,2
Baltimore City Precinct 15-011,2
Baltimore City Precinct 15-010,2
Anne Arundel Precinct 04-013,7
Anne Arundel Precinct 02-021,7
Anne Arundel Precinct 05-015,7
Anne Arundel Precinct 02-018,7
Anne Arundel Precinct 02-015,7
Anne Arundel Precinct 05-033,7
Anne Arundel Precinct 02-004,7
Anne Arundel Precinct 02-009,7
Anne Arundel Precinct 02-007,7
Anne Arundel Precinct 01-009,7
Anne Arundel Precinct 02-003,7
Anne Arundel Precinct 02-017,7
Anne Arundel Precinct 02-014,7
Anne Arundel Precinct 02-002,7
Anne Arundel Precinct 02-005,7
Anne Arundel Precinct 02-006,7
Anne Arundel Precinct 01-003,7
Anne Arundel Precinct 02-016,7
Anne Arundel Precinct 02-008,7
Anne Arundel Precinct 04-014,7
Anne Arundel Precinct 05-019,7
Howard Precinct 02-008,1
Baltimore County Precinct 01-017,1
Baltimore County Precinct 01-012,3
Baltimore County Precinct 01-011,3
Baltimore County Precinct 01-013,3
Baltimore County Precinct 01-010,3
Baltimore County Precinct 01-003,1
Baltimore County Precinct 01-004,1
Baltimore County Precinct 01-002,1
Howard Precinct 01-008,7
Howard Precinct 01-013,7
Howard Precinct 01-001,3
Baltimore County Precinct 01-014,3
Baltimore County Precinct 13-004,3
Baltimore County Precinct 13-003,3
Baltimore County Precinct 13-002,3
Baltimore County Precinct 13-005,7
Baltimore County Precinct 01-009,3
Baltimore County Precinct 01-015,3
Baltimore County Precinct 01-007,3
Baltimore County Precinct 01-008,3
Baltimore County Precinct 01-005,1
Baltimore County Precinct 01-001,1
Baltimore County Precinct 01-006,1
Baltimore County Precinct 13-001,3
Baltimore County Precinct 01-016,3
Baltimore City Precinct 28-015,3
Baltimore City Precinct 25-001,1
Baltimore City Precinct 28-014,3
Baltimore City Precinct 25-002,1
Baltimore City Precinct 28-013,3
Baltimore City Precinct 20-008,3
Montgomery Precinct 09-033,8
Montgomery Precinct 09-006,8
Montgomery Precinct 06-003,8
Montgomery Precinct 09-026,8
Montgomery Precinct 09-008,8
Montgomery Precinct 09-029,8
Montgomery Precinct 09-018,8
Montgomery Precinct 09-034,8
Montgomery Precinct 09-013,8
Montgomery Precinct 09-003,8
Montgomery Precinct 09-024,8
Montgomery Precinct 09-016,8
Montgomery Precinct 09-030,8
Montgomery Precinct 09-015,8
Montgomery Precinct 09-005,8
Montgomery Precinct 09-011,8
Montgomery Precinct 09-012,8
Montgomery Precinct 02-005,8
Montgomery Precinct 02-010,8
Montgomery Precinct 02-008,8
Frederick Precinct 07-003,8
Montgomery Precinct 02-007,8
Montgomery Precinct 02-001,8
Montgomery Precinct 02-011,8
Montgomery Precinct 02-006,8
Montgomery Precinct 09-025,8
Montgomery Precinct 12-004,8
Montgomery Precinct 12-005,8
Montgomery Precinct 12-002,8
Montgomery Precinct 04-026,8
Montgomery Precinct 04-023,8
Montgomery Precinct 04-021,8
Howard Precinct 02-005,3
Howard Precinct 02-015,3
Howard Precinct 02-018,3
Howard Precinct 02-011,3
Howard Precinct 02-019,1
Howard Precinct 02-021,3
Howard Precinct 02-012,3
Howard Precinct 02-006,1
Howard Precinct 02-009,3
Howard Precinct 02-024,1
Howard Precinct 02-007,1
Prince George's Precinct 15-005,7
Prince George's Precinct 03-004,7
Prince George's Precinct 03-005,7
Prince George's Precinct 03-003,7
Prince George's Precinct 07-012,7
Prince George's Precinct 13-013,7
Prince George's Precinct 07-013,7
Prince George's Precinct 03-006,7
Prince George's Precinct 07-015,7
Prince George's Precinct 07-011,7
Prince George's Precinct 07-009,7
Prince George's Precinct 03-002,7
Prince George's Precinct 07-006,7
Prince George's Precinct 07-008,7
Prince George's Precinct 07-014,7
Prince George's Precinct 07-001,7
Prince George's Precinct 14-007,7
Prince George's Precinct 14-001,7
Prince George's Precinct 07-016,7
Prince George's Precinct 14-010,7
Prince George's Precinct 07-005,7
Montgomery Precinct 13-031,8
Montgomery Precinct 13-059,8
Montgomery Precinct 13-027,8
Montgomery Precinct 13-030,8
Montgomery Precinct 13-029,8
Montgomery Precinct 13-053,8
Montgomery Precinct 13-032,8
Montgomery Precinct 13-044,8
Montgomery Precinct 13-010,8
Montgomery Precinct 13-014,8
Montgomery Precinct 13-005,8
Montgomery Precinct 13-066,8
Montgomery Precinct 13-019,8
Montgomery Precinct 13-050,8
Montgomery Precinct 13-013,8
Montgomery Precinct 13-012,8
Montgomery Precinct 13-023,8
Montgomery Precinct 13-042,8
Montgomery Precinct 13-057,8
Montgomery Precinct 13-063,8
Montgomery Precinct 13-011,8
Montgomery Precinct 13-033,8
Montgomery Precinct 13-020,8
Prince George's Precinct 17-007,8
Prince George's Precinct 17-006,8
Montgomery Precinct 13-006,8
Montgomery Precinct 13-067,8
Prince George's Precinct 17-011,8
Montgomery Precinct 13-009,8
Montgomery Precinct 13-068,8
Prince George's Precinct 17-005,8
Prince George's Precinct 17-003,8
Prince George's Precinct 20-004,7
Prince George's Precinct 13-015,7
Prince George's Precinct 20-008,7
Prince George's Precinct 14-002,7
Prince George's Precinct 20-009,7
Prince George's Precinct 21-013,7
Prince George's Precinct 10-011,3
Prince George's Precinct 14-008,7
Prince George's Precinct 10-010,3
Montgomery Precinct 13-028,8
Montgomery Precinct 13-001,8
Montgomery Precinct 13-055,8
Montgomery Precinct 13-048,8
Montgomery Precinct 13-002,8
Montgomery Precinct 13-056,8
Montgomery Precinct 13-054,8
Montgomery Precinct 13-069,8
Montgomery Precinct 13-062,8
Montgomery Precinct 13-049,8
Montgomery Precinct 13-061,8
Montgomery Precinct 13-041,8
Montgomery Precinct 05-022,8
Montgomery Precinct 05-009,8
Montgomery Precinct 05-016,8
Montgomery Precinct 08-010,8
Montgomery Precinct 08-011,8
Montgomery Precinct 08-002,8
Montgomery Precinct 08-013,8
Montgomery Precinct 08-006,8
Montgomery Precinct 05-011,8
Montgomery Precinct 05-008,3
Montgomery Precinct 05-015,8
Montgomery Precinct 05-001,3
Montgomery Precinct 05-017,3
Montgomery Precinct 05-012,3
Montgomery Precinct 05-024,3
Montgomery Precinct 05-019,3
Montgomery Precinct 05-018,3
Howard Precinct 05-011,3
Howard Precinct 05-020,3
Montgomery Precinct 08-007,8
Howard Precinct 04-006,8
Howard Precinct 04-002,8
Howard Precinct 05-019,3
Howard Precinct 05-001,3
Howard Precinct 03-006,8
Prince George's Precinct 01-001,3
Montgomery Precinct 05-002,3
Montgomery Precinct 05-021,3
Montgomery Precinct 05-023,3
Montgomery Precinct 05-020,3
Prince George's Precinct 01-004,3
Prince George's Precinct 10-013,3
Prince George's Precinct 10-005,3
Howard Precinct 05-006,3
Howard Precinct 06-028,3
Howard Precinct 06-032,3
Howard Precinct 06-003,3
Howard Precinct 05-005,3
Howard Precinct 05-013,3
Prince George's Precinct 10-006,3
Prince George's Precinct 10-012,3
Prince George's Precinct 10-008,3
Prince George's Precinct 10-007,3
Montgomery Precinct 04-016,8
Montgomery Precinct 09-031,8
Montgomery Precinct 04-025,8
Montgomery Precinct 04-002,8
Montgomery Precinct 04-005,8
Montgomery Precinct 04-030,8
Montgomery Precinct 04-003,8
Montgomery Precinct 04-014,8
Montgomery Precinct 04-022,8
Montgomery Precinct 04-001,8
Montgomery Precinct 04-019,8
Montgomery Precinct 09-002,8
Montgomery Precinct 09-028,8
Montgomery Precinct 09-001,8
Montgomery Precinct 09-010,8
Montgomery Precinct 09-032,8
Montgomery Precinct 09-020,8
Montgomery Precinct 09-007,8
Montgomery Precinct 09-017,8
Montgomery Precinct 09-022,8
Montgomery Precinct 09-009,8
Montgomery Precinct 09-019,8
Montgomery Precinct 09-021,8
Montgomery Precinct 09-023,8
Montgomery Precinct 01-003,8
Montgomery Precinct 09-036,8
Montgomery Precinct 09-014,8
Montgomery Precinct 09-037,8
Montgomery Precinct 09-004,8
Montgomery Precinct 01-004,8
Montgomery Precinct 01-006,8
Montgomery Precinct 01-005,8
Prince George's Precinct 17-001,8
Prince George's Precinct 17-004,8
Prince George's Precinct 16-004,8
Prince George's Precinct 17-002,8
Prince George's Precinct 02-002,8
Prince George's Precinct 16-098,8
Prince George's Precinct 16-002,8
Prince George's Precinct 16-003,8
Prince George's Precinct 16-005,8
Prince George's Precinct 17-010,8
Prince George's Precinct 17-008,8
Prince George's Precinct 17-009,8
Prince George's Precinct 19-003,8
Prince George's Precinct 21-012,8
Prince George's Precinct 21-017,8
Montgomery Precinct 13-018,8
Montgomery Precinct 13-022,8
Montgomery Precinct 13-015,8
Montgomery Precinct 05-003,3
Prince George's Precinct 17-012,8
Montgomery Precinct 05-014,8
Montgomery Precinct 05-010,3
Montgomery Precinct 05-005,3
Montgomery Precinct 05-007,3
Montgomery Precinct 05-006,3
Prince George's Precinct 21-099,8
Prince George's Precinct 21-005,8
Prince George's Precinct 21-015,8
Prince George's Precinct 21-014,7
Montgomery Precinct 05-013,3
Prince George's Precinct 01-003,3
Montgomery Precinct 05-004,3
Howard Precinct 05-023,3
Howard Precinct 05-009,3
Howard Precinct 05-002,3
Howard Precinct 02-022,3
Howard Precinct 03-003,3
Howard Precinct 03-001,8
Howard Precinct 03-004,3
Howard Precinct 02-017,3
Howard Precinct 05-015,3
Howard Precinct 05-008,3
Howard Precinct 05-004,3
Howard Precinct 06-012,3
Howard Precinct 06-008,3
Howard Precinct 06-017,3
Howard Precinct 06-009,3
Howard Precinct 05-014,3
Howard Precinct 02-010,3
Howard Precinct 05-003,3
Howard Precinct 05-016,3
Howard Precinct 02-014,3
Howard Precinct 06-005,3
Howard Precinct 06-031,3
Howard Precinct 06-010,3
Howard Precinct 06-011,3
Howard Precinct 06-021,3
Howard Precinct 06-014,3
Howard Precinct 06-016,3
Howard Precinct 06-006,3
Howard Precinct 02-020,3
Howard Precinct 02-013,3
Howard Precinct 02-004,3
Howard Precinct 02-003,3
Anne Arundel Precinct 04-007,7
Anne Arundel Precinct 04-019,7
Anne Arundel Precinct 04-011,7
Anne Arundel Precinct 04-012,7
Anne Arundel Precinct 04-003,3
Anne Arundel Precinct 04-002,7
Anne Arundel Precinct 04-024,7
Anne Arundel Precinct 04-018,7
Anne Arundel Precinct 02-023,7
Anne Arundel Precinct 02-024,7
Anne Arundel Precinct 01-020,7
Anne Arundel Precinct 01-021,7
Anne Arundel Precinct 01-019,7
Anne Arundel Precinct 01-005,7
Anne Arundel Precinct 01-024,7
Anne Arundel Precinct 02-001,7
Anne Arundel Precinct 01-006,7
Howard Precinct 01-010,3
Howard Precinct 01-007,3
Howard Precinct 01-003,3
Howard Precinct 01-012,3
Howard Precinct 01-005,3
Howard Precinct 02-025,3
Howard Precinct 02-016,3
Howard Precinct 01-009,7
Howard Precinct 01-014,3
Howard Precinct 01-002,7
Howard Precinct 01-004,3
Howard Precinct 01-011,3
Howard Precinct 02-002,3
Howard Precinct 02-001,3
Howard Precinct 02-023,3
Prince George's Precinct 21-007,7
Prince George's Precinct 02-009,8
Prince George's Precinct 02-010,8
Prince George's Precinct 02-006,8
Prince George's Precinct 02-004,8
Prince George's Precinct 20-007,7
Prince George's Precinct 20-012,8
Prince George's Precinct 21-009,7
Prince George's Precinct 20-005,7
Prince George's Precinct 20-006,7
Prince George's Precinct 21-016,7
Prince George's Precinct 21-004,7
Prince George's Precinct 21-010,7
Prince George's Precinct 01-008,7
Prince George's Precinct 21-098,7
Prince George's Precinct 01-005,7
Prince George's Precinct 21-008,7
Prince George's Precinct 21-097,7
Prince George's Precinct 21-003,7
Prince George's Precinct 21-006,7
Prince George's Precinct 01-002,3
Prince George's Precinct 01-006,7
Prince George's Precinct 13-003,7
Prince George's Precinct 20-002,7
Prince George's Precinct 20-013,7
Prince George's Precinct 20-003,7
Prince George's Precinct 20-011,7
Prince George's Precinct 20-001,7
Prince George's Precinct 21-018,7
Prince George's Precinct 21-011,7
Prince George's Precinct 20-010,7
Prince George's Precinct 13-005,7
Prince George's Precinct 10-001,3
Prince George's Precinct 10-002,3
Prince George's Precinct 10-004,3
Howard Precinct 06-024,3
Prince George's Precinct 10-003,3
Howard Precinct 06-015,3
Prince George's Precinct 10-009,3
Anne Arundel Precinct 04-017,3
Anne Arundel Precinct 04-001,3
Howard Precinct 06-034,3
Howard Precinct 06-002,3
Anne Arundel Precinct 04-009,3
Howard Precinct 06-035,3
Howard Precinct 06-023,3
Howard Precinct 06-025,3
Howard Precinct 06-018,3
Howard Precinct 06-026,3
Howard Precinct 06-004,3
Howard Precinct 06-027,3
Howard Precinct 06-001,3
Howard Precinct 06-033,3
Howard Precinct 06-020,3
Howard Precinct 06-013,3
Howard Precinct 06-022,3
Howard Precinct 06-019,3
Howard Precinct 05-022,3
Howard Precinct 05-010,3
Howard Precinct 05-021,3
Howard Precinct 05-017,3
Howard Precinct 05-018,3
Howard Precinct 05-007,3
Howard Precinct 05-012,3
Baltimore City Precinct 15-001,2
Baltimore City Precinct 28-003,2
Baltimore City Precinct 27-061,2
Baltimore City Precinct 27-056,2
Baltimore City Precinct 27-057,1
Baltimore City Precinct 27-059,2
Baltimore City Precinct 28-001,2
Baltimore City Precinct 27-067,1
Baltimore City Precinct 27-062,2
Baltimore City Precinct 27-066,2
Baltimore County Precinct 03-006,2
Baltimore City Precinct 27-063,2
Baltimore City Precinct 27-065,2
Baltimore City Precinct 27-060,2
Baltimore City Precinct 27-064,2
Baltimore County Precinct 03-007,2
Baltimore County Precinct 03-011,1
Baltimore County Precinct 03-013,1
Baltimore County Precinct 03-010,1
Baltimore County Precinct 08-008,6
Baltimore County Precinct 04-005,3
Baltimore County Precinct 04-004,1
Baltimore County Precinct 04-013,1
Baltimore County Precinct 04-011,6
Baltimore County Precinct 08-023,6
Baltimore County Precinct 08-021,6
Baltimore County Precinct 08-024,6
Baltimore County Precinct 08-002,6
Baltimore City Precinct 15-008,3
Baltimore City Precinct 15-003,3
Baltimore City Precinct 15-004,2
Baltimore City Precinct 15-005,1
Somerset Precinct 12-001,4
Somerset Precinct 08-002,4
Somerset Precinct 08-001,4
Somerset Precinct 10-002,4
Somerset Precinct 14-001,4
Somerset Precinct 09-001,4
Somerset Precinct 06-001,4
Somerset Precinct 11-001,4
Harford Precinct 01-002,5
Harford Precinct 01-041,5
Harford Precinct 01-001,5
Harford Precinct 01-004,5
Harford Precinct 01-006,5
Harford Precinct 03-007,5
Harford Precinct 03-014,5
Harford Precinct 03-003,5
Harford Precinct 03-008,5
Harford Precinct 03-009,6
Harford Precinct 03-013,5
Harford Precinct 03-010,5
Harford Precinct 03-024,5
Harford Precinct 03-015,5
Harford Precinct 01-007,5
Harford Precinct 01-015,5
Harford Precinct 01-009,5
Harford Precinct 01-008,5
Harford Precinct 03-016,5
Harford Precinct 01-021,5
Harford Precinct 01-013,5
Harford Precinct 01-011,5
Harford Precinct 01-012,5
Harford Precinct 01-014,6
Harford Precinct 03-012,5
Harford Precinct 03-011,5
Harford Precinct 03-017,5
Harford Precinct 03-018,5
Harford Precinct 03-019,5
Harford Precinct 03-021,6
Worcester Precinct 03-002,4
Worcester Precinct 07-001,4
